old.acc	run	biosample	taxid	size	isolation	geolocation	coords	phylum	order	family	genus	species	habitat	laboratory	libstrat	libsource	assembly_suyo	bases	Gbases
SRP048758	SRR1611555	SRS720573	34515	4.3251953125	NA	NA	NA	Brachiopoda	Lingulida	Lingulidae	Glottidia	Glottidia pyramidata	Marine	FALSE	RNA-Seq	TRANSCRIPTOMIC	FALSE	6761351000	6,761351
SRR1611556	SRR1611556	SRS720574	763142	3.75173692591488	NA	Russia: Karelian Coast	NA	Brachiopoda	Rhynchonellida	Hemithyrididae	Hemithiris	Hemithiris psittacea	Marine	FALSE	RNA-Seq	TRANSCRIPTOMIC	FALSE	6073102200	6,0731022
SRR2131392	SRR2131392	SRS1014694	1681192	2.7563025476411	marine	South Africa	NA	Brachiopoda	Terebratulida	Kraussinidae	Kraussina	Kraussina rubra	Marine	FALSE	RNA-Seq	TRANSCRIPTOMIC	FALSE	4489043400	4,4890434
SRP048758	SRR1611557	SRS720575	33478	4.4326171875	NA	NA	NA	Brachiopoda	Terebratulida	Laqueidae	Laqueus	Laqueus californianus	Marine	FALSE	RNA-Seq	TRANSCRIPTOMIC	FALSE	6741477600	6,7414776
SRR2131235	SRR2131235	SRS1014573	7574	4.82100656628609	Kasari Bay	Japan: Amami, Kasari Bay	28.440583 N 129.667608 E	Brachiopoda	Lingulida	Lingulidae	Lingula	Lingula anatina	Marine	FALSE	RNA-Seq	TRANSCRIPTOMIC	FALSE	8351311784	8,351311784
SRP048758	SRR1611564	SRS720577	317945	2.2939453125	NA	NA	NA	Brachiopoda	Craniida	Craniidae	Novocrania	Novocrania anomala	Marine	FALSE	RNA-Seq	TRANSCRIPTOMIC	FALSE	3898701300	3,8987013
SRR2564755	SRR2564755	SRS1100666	34513	12.0892829494551	NA	USA: near Friday Harbor	NA	Brachiopoda	Terebratulida	Laqueidae	Terebratalia	Terebratalia transversa	Marine	FALSE	RNA-Seq	TRANSCRIPTOMIC	FALSE	20473478302	20,473478302
SRS5104157	SRR9691423	SRS5104157	10212	2.1572265625	not applicable	China: Daya Bay, Shenzhen	NA	Bryozoa	Cheilostomatida	Bugulidae	Bugula	Bugula neritina	Marine	FALSE	RNA-Seq	TRANSCRIPTOMIC	FALSE	7345720800	7,3457208
SRS6155531	SRR11096629	SRS6155531	192920	1.5732421875	Eel Pond, Falmouth MA	USA:Massachusetts,Falmouth	NA	Bryozoa	Cheilostomatida	Bugulidae	Bugulina	Bugulina stolonifera	Marine	FALSE	RNA-Seq	TRANSCRIPTOMIC	FALSE	3045066900	3,0450669
SRS5792563	SRR10620231	SRS5792563	67896	2.24609375	NA	NA	NA	Bryozoa		Cristatellidae	Cristatella	Cristatella mucedo	Marine	FALSE	RNA-Seq	TRANSCRIPTOMIC	FALSE	5126290902	5,126290902
SRS5083577	SRR9667736	SRS5083577	2565296	8.138671875	marine sample	unknown	NA	Bryozoa	Ctenostomatida	Flustrellidridae	Flustrellidra	Flustrellidra corniculata	Marine	FALSE	RNA-Seq	TRANSCRIPTOMIC	FALSE	18068205312	18,068205312
SRS6620693	SRR11747693	SRS6620693	349672	2.83984375	NA	not collected	NA	Bryozoa		Fredericellidae	Fredericella	Fredericella sultana	Marine	FALSE	RNA-Seq	TRANSCRIPTOMIC	FALSE	7091985300	7,0919853
SRS5095443	SRR9681687	SRS5095443	2565295	2.6669921875	marine sample	unknown	NA	Bryozoa	Cyclostomatida	Heteroporidae	Heteropora	Heteropora pacifica	Marine	FALSE	RNA-Seq	TRANSCRIPTOMIC	FALSE	5915546790	5,91554679
SRS1014546	SRR2131259	SRS1014546	95170	10.3115234375	marine	Norway: Krokeidevegen 289, Fana	60.251186 N 5.319083 E	Bryozoa	Cheilostomatida	Membraniporidae	Membranipora	Membranipora membranacea	Freshwater	FALSE	RNA-Seq	TRANSCRIPTOMIC	FALSE	17536366352	17,536366352
SRS6655554	SRR11784297	SRS6655554	10205	4.1640625	intertidal	USA	NA	Bryozoa	Cheilostomatida	Schizoporellidae	Schizoporella	Schizoporella errata	Intertidal zone	FALSE	RNA-Seq	TRANSCRIPTOMIC	FALSE	9354890000	9,35489
SRS6655161	SRR11783869	SRS6655161	193294	4.3271484375	intertidal	USA	NA	Bryozoa	Cheilostomatida	Watersiporidae	Watersipora	Watersipora subtorquata	Intertidal zone	FALSE	RNA-Seq	TRANSCRIPTOMIC	FALSE	9686895750	9,68689575
SRR7754745	SRR7754745	SRS3714510	58920	4.2011683890596	plankton sampling	North Sea	58.19 N 11.32 E	Chaetognatha	Phragmophora	Eukrohniidae	Eukrohnia	Eukrohnia hamata	Marine	FALSE	RNA-Seq	TRANSCRIPTOMIC	FALSE	6561285400	6,5612854
SRR7754744	SRR7754744	SRS3714511	1120154	4.36568246036768	plankton sampling	Atlantic Ocean	9.27 N 30.21 W	Chaetognatha	Aphragmophora	Krohnittidae	Krohnitta	Krohnitta subtilis	Marine	FALSE	RNA-Seq	TRANSCRIPTOMIC	FALSE	6803641800	6,8036418
SRR8149062	SRR8149062	SRS4008463	34758	7.66722709313035	tide pool	Japan: Amakusa	NA	Chaetognatha	Phragmophora	Spadellidae	Paraspadella	Paraspadella gotoi	Marine	FALSE	RNA-Seq	TRANSCRIPTOMIC	FALSE	15391536935	15,391536935
SRR7754743	SRR7754743	SRS3714512	366433	3.41162711661309	plankton sampling	Atlantic Ocean	17.42 N 36.27 W	Chaetognatha	Aphragmophora	Pterosagittidae	Pterosagitta	Pterosagitta draco	Marine	FALSE	RNA-Seq	TRANSCRIPTOMIC	FALSE	5239675400	5,2396754
SRR7754742	SRR7754742	SRS3714513	10231	5.39175546076149	plankton sampling	North Sea	58.19 N 11.32 E	Chaetognatha	Aphragmophora	Sagittidae	Sagitta	Sagitta elegans	Marine	FALSE	RNA-Seq	TRANSCRIPTOMIC	FALSE	8358143000	8,358143
SRR7754749	SRR7754749	SRS3714505	52898	3.09633216727525	plankton sampling	Atlantic Ocean	46.05 S 44.02 W	Chaetognatha	Aphragmophora	Sagittidae	Sagitta	Sagitta gazellae	Marine	FALSE	RNA-Seq	TRANSCRIPTOMIC	FALSE	5002774800	5,0027748
SRR7754748	SRR7754748	SRS3714508	52897	2.43258361052722	plankton sampling	Atlantic Ocean	25.43 S 24.59 W	Chaetognatha	Aphragmophora	Sagittidae	Sagitta	Sagitta hexaptera	Marine	FALSE	RNA-Seq	TRANSCRIPTOMIC	FALSE	3891207800	3,8912078
SRR7754747	SRR7754747	SRS3714507	52891	2.66247751470655	plankton sampling	Atlantic Ocean	15.03 N 34.28 W	Chaetognatha	Aphragmophora	Sagittidae	Sagitta	Sagitta serratodentata	Marine	FALSE	RNA-Seq	TRANSCRIPTOMIC	FALSE	4222235200	4,2222352
SRR7754746	SRR7754746	SRS3714509	52890	2.55016012582928	plankton sampling	North Sea	58.16 N 11.28 E	Chaetognatha	Aphragmophora	Sagittidae	Sagitta	Sagitta setosa	Marine	FALSE	RNA-Seq	TRANSCRIPTOMIC	FALSE	4102887600	4,1028876
SRR7754750	SRR7754750	SRS3714506	52888	3.20003848709166	plankton sampling	Mediterranean Sea	43.21 N 5.42 E	Chaetognatha	Phragmophora	Spadellidae	Spadella	Spadella cephaloptera	Marine	FALSE	RNA-Seq	TRANSCRIPTOMIC	FALSE	7501492200	7,5014922
SRS2540239	SRR6074515	SRS2540239	140453	3.0400390625	USA	USA: South Carolina	NA	Ctenophora	Beroida	Beroidae	Beroe	Beroe forskalii	Marine	FALSE	RNA-Seq	TRANSCRIPTOMIC	FALSE	7418689256	7,418689256
SRS401997	SRR789901	SRS401997	140457	3.2529296875	NA	NA	NA	Ctenophora	Beroida	Beroidae	Beroe	Beroe pileus	Marine	FALSE	RNA-Seq	TRANSCRIPTOMIC	FALSE	5062642200	5,0626422
SRS2408333	SRR5892577	SRS2408333	2023890	2.091796875	Australia	Australia: Moreton Bay, Queensland	NA	Ctenophora	Beroida	Beroidae	Beroe	Beroe sp.	Marine	FALSE	RNA-Seq	TRANSCRIPTOMIC	FALSE	4394634344	4,394634344
SRS2408329	SRR5892570	SRS2408329	2023888	2.2646484375	Australia	Australia: Moreton Bay, Queensland	NA	Ctenophora	Lobata	Bolinopsidae	Bolinopsis	Bolinopsis ashleyi	Marine	FALSE	RNA-Seq	TRANSCRIPTOMIC	FALSE	4778336225	4,778336225
SRS401994	SRR786491	SRS401994	140455	2.7265625	NA	NA	NA	Ctenophora	Lobata	Bolinopsidae	Bolinopsis	Bolinopsis infundibulum	Marine	FALSE	RNA-Seq	TRANSCRIPTOMIC	FALSE	4337717000	4,337717
SRS401993	SRR786490	SRS401993	140473	2.6298828125	NA	NA	NA	Ctenophora	Platyctenida	Coeloplanidae	Coeloplana	Coeloplana astericola	Marine	FALSE	RNA-Seq	TRANSCRIPTOMIC	FALSE	4168522000	4,168522
SRS1405737	SRR3407215	SRS1405737	1820129	9.59765625	missing	USA: Inland Aquatics	NA	Ctenophora	Platyctenida	Coeloplanidae	Coeloplana	Coeloplana sp.	Marine	FALSE	RNA-Seq	TRANSCRIPTOMIC	FALSE	14878711778	14,878711778
SRS2540243	SRR6074511	SRS2540243	2038145	3.4443359375	USA	USA: Maryland	NA	Ctenophora	Cydippida			Cydippida sp.	Marine	FALSE	RNA-Seq	TRANSCRIPTOMIC	FALSE	8458378716	8,458378716
SRS401991	SRR777788	SRS401991	50341	2.607421875	NA	NA	NA	Ctenophora	Cydippida			Dyrodora glandiformis	Marine	FALSE	RNA-Seq	TRANSCRIPTOMIC	FALSE	4126916600	4,1269166
SRS2540244	SRR6074510	SRS2540244	2038148	2.1083984375	Bahamas	Bahamas: Bimini	NA	Ctenophora	Lobata	Eurhamphaeidae	Eurhamphaea	Eurhamphaea vexilligera	Marine	FALSE	RNA-Seq	TRANSCRIPTOMIC	FALSE	4163644742	4,163644742
SRS5483341	SRR10403849	SRS5483341	1403702	2.5947265625	missing	Pacific Ocean: Monterey Bay, California, USA	36.695248 N 122.089543 W	Ctenophora	Cydippida	Pleurobrachiidae	Hormiphora	Hormiphora californensis	Marine	FALSE	RNA-Seq	TRANSCRIPTOMIC	FALSE	6019339547	6,019339547
SRS2540241	SRR6074513	SRS2540241	2023895	3.576171875	USA	USA: Kona Coast, Hawaii	NA	Ctenophora	Cydippida	Pleurobrachiidae	Hormiphora	Hormiphora palmata	Marine	FALSE	RNA-Seq	TRANSCRIPTOMIC	FALSE	8677769895	8,677769895
SRS4849005	SRR9162937	SRS4849005	2584719	4.3505859375	NA	NA	NA	Ctenophora	Cydippida	Lampeidae	Lampea	Lampea sp.	Marine	FALSE	RNA-Seq	TRANSCRIPTOMIC	FALSE	12070203500	12,0702035
SRS1404677	SRR3407163	SRS1404677	1532213	3.298828125	missing	France: Villefranche-sur-Mer	NA	Ctenophora	Cydippida	Lampeidae	Lampea	Lampetia pancerina	Marine	FALSE	RNA-Seq	TRANSCRIPTOMIC	FALSE	5803918338	5,803918338
SRS401995	SRR786492	SRS401995	140460	2.931640625	NA	NA	NA	Ctenophora	Cydippida	Mertensiidae		Mertensiidae sp.	Marine	FALSE	RNA-Seq	TRANSCRIPTOMIC	FALSE	4745424600	4,7454246
SRS1730600	SRR4374742	SRS1730600	27923	5.244140625	Animals were collected in Eel Pond in Woodshole, MA during the summers of 2012 and 2013	USA: Massachusetts, Woodshole	NA	Ctenophora	Lobata	Bolinopsidae	Mnemiopsis	Mnemiopsis leidyi	Marine	FALSE	RNA-Seq	TRANSCRIPTOMIC	FALSE	8974067112	8,974067112
SRS2540247	SRR6074507	SRS2540247	140480	4.0810546875	USA	USA: North Carolina	NA	Ctenophora	Lobata	Ocyropsidae	Ocyropsis	Ocyropsis crystallina	Marine	FALSE	RNA-Seq	TRANSCRIPTOMIC	FALSE	10200479340	10,20047934
SRS2408332	SRR5892573	SRS2408332	2023894	1.908203125	Florida: Off coast, Jacksonville (Gulf Stream)	missing	NA	Ctenophora	Cydippida	Pleurobrachiidae	Pleurobrachia	Pleurobrachia sp.	Marine	FALSE	RNA-Seq	TRANSCRIPTOMIC	FALSE	3947564657	3,947564657
SRS2408307	SRR5892572	SRS2408307	2023903	2.4921875	Australia	Australia: Moreton Bay, Queensland	NA	Ctenophora	Cydippida	Pukiidae	Pukia	Pukia falcata	Marine	FALSE	RNA-Seq	TRANSCRIPTOMIC	FALSE	5179509356	5,179509356
SRS1405692	SRR3407164	SRS1405692	140489	4.6015625	missing	USA: Inland Aquatics	NA	Ctenophora	Platyctenida	Coeloplanidae	Vallicula	Vallicula multiformis	Marine	FALSE	RNA-Seq	TRANSCRIPTOMIC	FALSE	7069952732	7,069952732
SRS4849006	SRR9162936	SRS4849006	2584720	5.4072265625	NA	NA	NA	Ctenophora	Cydippida	Vampyroctenidae	Vampyroctena	Vampyroctena delmarvensis	Marine	FALSE	RNA-Seq	TRANSCRIPTOMIC	FALSE	15107704750	15,10770475
SRR15713750	SRR15713750	SRS10015454	358452	3.19417383614928	NA	USA: Maine	NA	Cycliophora			Symbion	Symbion americanus	Marine	FALSE	RNA-Seq	TRANSCRIPTOMIC	FALSE	5348862200	5,3488622
SRR3102772	SRR3102772	SRS1249044	69817	4.26426658499986	NA	NA	NA	Cycliophora			Symbion	Symbion pandora	Marine	FALSE	RNA-Seq	TRANSCRIPTOMIC	FALSE	10290406481	10,290406481
SRR8670231	SRR8670231	SRS4439948	2545788	4.78421613108367	NA	not collected	NA	Cycliophora			Symbion	Symbion sp.	Marine	FALSE	RNA-Seq	TRANSCRIPTOMIC	FALSE	7149765898	7,149765898
SRR8061632	SRR8061632	SRS3938347	399803	1.9953586384654	Renal sac	Japan: Osaka	NA	Dicyemida		Dicyemidae	Dicyema	Dicyema japonicum	Marine	FALSE	RNA-Seq	TRANSCRIPTOMIC	FALSE	4800559928	4,800559928
SRR9670663	SRR9670663	SRS5086034	2565529	5.29210352152586	Isolated from octopus kidney, preserved in RNAlater	unknown	NA	Dicyemida				Dicyemida sp.	Marine	FALSE	RNA-Seq	TRANSCRIPTOMIC	FALSE	8990396100	8,9903961
SRR1611554	SRR1611554	SRS720580	232741	4.12697381619364	NA	USA: Abalone Cove, CA	NA	Entoprocta		Barentsiidae	Barentsia	Barentsia gracilis	Marine	FALSE	RNA-Seq	TRANSCRIPTOMIC	FALSE	6794733600	6,7947336
SRR9589082	SRR9589082	SRS5017777	2565530	4.50950100179762	marine sample	unknown	NA	Entoprocta		Loxosomatidae	Loxomitra	Loxomitra sp.	Marine	FALSE	RNA-Seq	TRANSCRIPTOMIC	FALSE	7287277500	7,2872775
SRR1611559	SRR1611559	SRS720581	768841	4.66814939025789	NA	Norway: Skagerrak Strait	NA	Entoprocta		Loxosomatidae	Loxosoma	Loxosoma pectinaricola	Marine	FALSE	RNA-Seq	TRANSCRIPTOMIC	FALSE	7502555200	7,5025552
SRR1797883	SRR1797883	SRS842706	233130	3.06385494023561	marine	Italy: Mediterranean	NA	Gastrotricha	Macrodasyida	Lepidodasyidae	Mesodasys	Mesodasys laticaudatus	Marine	FALSE	RNA-Seq	TRANSCRIPTOMIC	FALSE	5435111788	5,435111788
SRR1976176	SRR1976176	SRS916918	1628664	2.0970744593069	Interstitial	Panama: Boca del Drago, Bocas del Toro	NA	Gnathostomulida	Bursovaginoidea	Austrognathiidae	Austrognathia	Austrognathia sp.	Marine	FALSE	RNA-Seq	TRANSCRIPTOMIC	FALSE	4117126200	4,1171262
SRR1695460	SRR1695460	SRS781497	1497662	3.26778396684676	NA	NA	NA	Hemichordata		Ptychoderidae	Balanoglossus	Balanoglossus sp.	Marine	FALSE	RNA-Seq	TRANSCRIPTOMIC	FALSE	5201366600	5,2013666
SRR1695469	SRR1695469	SRS781504	1411957	3.05703685898334	NA	NA	NA	Hemichordata				Enteropneusta sp.	Marine	FALSE	RNA-Seq	TRANSCRIPTOMIC	FALSE	4575120800	4,5751208
SRR1695461	SRR1695461	SRS781495	1443164	3.25782521441579	NA	NA	NA	Hemichordata		Harrimaniidae	Saccoglossus	Saccoglossus mereschkowskii	Marine	FALSE	RNA-Seq	TRANSCRIPTOMIC	FALSE	5063097200	5,0630972
SRR8627696	SRR8627696	SRS4406492	1564073	3.15320440381765	water sample	NA	NA	Kinorhyncha		Echinoderidae	Echinoderes	Echinoderes dujardinii	Marine	FALSE	RNA-Seq	TRANSCRIPTOMIC	FALSE	10037081250	10,03708125
SRR2131253	SRR2131253	SRS1012655	1681193	3.65067930705845	France: Roscoff	France: Roscoff	NA	Loricifera	Nanaloricida	Nanaloricidae	Armorloricus	Armorloricus elegans	Marine	FALSE	RNA-Seq	TRANSCRIPTOMIC	FALSE	5649046000	5,649046
SRR2131287	SRR2131287	SRS1014538	195507	26.0053282445297	freshwater	Greenland: Disko Island	NA	Micrognathozoa	Limnognathida	Limnognathidae	Limnognathia	Limnognathia maerski	Freshwater	FALSE	RNA-Seq	TRANSCRIPTOMIC	FALSE	43458697534	43,458697534
SRR5239618	SRR5239618	SRS1965254	1461391	3.57849834114313	Land	Australia: Casterton Victoria	NA	Mollusca	Stylommatophora	Limacidae	Ambigolimax	Ambigolimax nyctelius	Terrestrial	FALSE	RNA-Seq	TRANSCRIPTOMIC	FALSE	4934190600	4,9341906
SRR7841657	SRR7841657	SRS3785794	1028688	4.4136014143005	NA	Austria: Innsbruck	NA	Mollusca	Stylommatophora	Arionidae	Arion	Arion vulgaris	Terrestrial	FALSE	RNA-Seq	TRANSCRIPTOMIC	FALSE	7744271976	7,744271976
SRR11674125	SRR11674125	SRS6587393	256137	2.44172760285437	Dredge	Antarctica: Ross Sea	76.341217 S 170.850495 E	Mollusca	Chitonida	Callochitonidae	Callochiton	Callochiton sp.	Marine	FALSE	RNA-Seq	TRANSCRIPTOMIC	FALSE	4625587496	4,625587496
SRR8318357	SRR8318357	SRS4143894	2494643	4.21432986389846	N/A	Japan: Okinawa, Tengan Pier	NA	Mollusca	Cycloneritida	Neritidae	Clithon	Clithon parvulum	Brackish	FALSE	RNA-Seq	TRANSCRIPTOMIC	FALSE	8123430600	8,1234306
SRR5239621	SRR5239621	SRS1965257	145618	3.57154215872288	Land	Australia: Warooka, South Australia	NA	Mollusca	Stylommatophora	Geomitridae	Cochlicella	Cochlicella acuta	Terrestrial	FALSE	RNA-Seq	TRANSCRIPTOMIC	FALSE	4885507620	4,88550762
SRR5487023	SRR5487023	SRS2153439	145610	1.95389176439494	NA	USA: Oregon	NA	Mollusca	Stylommatophora	Agriolimacidae	Deroceras	Deroceras reticulatum	Terrestrial	FALSE	RNA-Seq	TRANSCRIPTOMIC	FALSE	3014663049	3,014663049
SRR2057018	SRR2057018	SRS954184	203158	2.37781993113458	NA	NA	NA	Mollusca	Gadilida	Entalinidae	Entalina	Entalina tetragona	Marine	FALSE	RNA-Seq	TRANSCRIPTOMIC	FALSE	3960942400	3,9609424
SRR6926338	SRR6926338	SRS3113920	231999	3.63528102915734	not applicable	Japan: Amakusa	NA	Mollusca	Cavibelonia	Epimeniidae	Epimenia	Epimenia babai	Marine	FALSE	RNA-Seq	TRANSCRIPTOMIC	FALSE	5583550000	5,58355
SRR11674123	SRR11674123	SRS6587395	2732485	2.78977230936289	Rocky intertidal	Norway: Bergen	NA	Mollusca	Lepidopleurida	Hanleyidae	Hanleya	Hanleya hanleyi	Intertidal zone	FALSE	RNA-Seq	TRANSCRIPTOMIC	FALSE	5218863718	5,218863718
SRR6926334	SRR6926334	SRS3113927	1500389	2.55639501009136	not applicable	USA: Washington	NA	Mollusca	Cavibelonia	Pruvotinidae	Hypomenia	Hypomenia sanjuanensis	Marine	FALSE	RNA-Seq	TRANSCRIPTOMIC	FALSE	4228450400	4,2284504
SRR6926323	SRR6926323	SRS3113935	2137290	3.01810968387872	not applicable	Norway	NA	Mollusca	Cavibelonia	Simrothiellidae	Kruppomenia	Kruppomenia borealis	Marine	FALSE	RNA-Seq	TRANSCRIPTOMIC	FALSE	5052603000	5,052603
SRR8245857	SRR8245857	SRS4079741	120438	5.259062403813	NA	NA	NA	Mollusca	Lepidopleurida	Lepidopleuridae	Lepidopleurus	Lepidopleurus cajetanus	Intertidal zone	FALSE	RNA-Seq	TRANSCRIPTOMIC	FALSE	8439759400	8,4397594
SRR11674130	SRR11674130	SRS6587388	256066	4.09132683370262	Rocky intertidal	USA: Washington State, Friday Harbor, Dead Man's Bay	48.513233 N 123.145640 W	Mollusca	Chitonida	Ischnochitonidae	Lepidozona	Lepidozona mertensii	Intertidal zone	FALSE	RNA-Seq	TRANSCRIPTOMIC	FALSE	11017292908	11,017292908
SRR3472303	SRR3472303	SRS1419853	6622	1.3751676408574	NA	Spain: Tarragona	NA	Mollusca	Teuthida	Loliginidae	Loligo	Loligo vulgaris	Marine	FALSE	RNA-Seq	TRANSCRIPTOMIC	FALSE	3058584709	3,058584709
SRR8318352	SRR8318352	SRS4143899	2494653	2.67099571973085	N/A	USA: California, La Jolla	NA	Mollusca		Lottiidae	Lottia	Lottia sp.	Marine	FALSE	RNA-Seq	TRANSCRIPTOMIC	FALSE	5458204200	5,4582042
SRR5239619	SRR5239619	SRS1965255	700815	3.37721938919276	Land	Australia: Casterton Victoria	NA	Mollusca	Stylommatophora	Milacidae	Milax	Milax gagates	Terrestrial	FALSE	RNA-Seq	TRANSCRIPTOMIC	FALSE	4630982220	4,63098222
SRR8318359	SRR8318359	SRS4143891	72687	4.36070620361716	N/A	Chile: Punta Arenas	NA	Mollusca		Nacellidae	Nacella	Nacella magellanica	Intertidal zone	FALSE	RNA-Seq	TRANSCRIPTOMIC	FALSE	8896752000	8,896752
SRR2057026	SRR2057026	SRS954190	1541962	2.4380881274119	NA	Norway	NA	Mollusca	Neomeniamorpha	Neomeniidae	Neomenia	Neomenia carinata	Marine	FALSE	RNA-Seq	TRANSCRIPTOMIC	FALSE	3661239600	3,6612396
SRR1505121	SRR1505121	SRS652890	47539	2.76677524112165	NA	Australia: Christie's beach, South Australia	35.146 S 138.440 E	Mollusca	Trigoniida	Trigoniidae	Neotrigonia	Neotrigonia margaritacea	Marine	FALSE	RNA-Seq	TRANSCRIPTOMIC	FALSE	4860458350	4,86045835
SRR1505124	SRR1505124	SRS652893	999234	1.9129486726597	NA	Australia: Brunswick Heads, NSW	28.5330 S 153.5500 E	Mollusca	Ellobiida	Ellobiidae	Ophicardelus	Ophicardelus sulcatus	Brackish	FALSE	RNA-Seq	TRANSCRIPTOMIC	FALSE	3205254400	3,2052544
SRR8318351	SRR8318351	SRS4143900	1882665	6.59051406010985	N/A	missing	NA	Mollusca	Cycloneritida	Helicinidae	Pleuropoma	Pleuropoma jana	Terrestrial	FALSE	RNA-Seq	TRANSCRIPTOMIC	FALSE	12515355900	12,5153559
SRR6926327	SRR6926327	SRS3113930	1500380	2.83948765508831	not applicable	Iceland	NA	Mollusca	Cavibelonia	Proneomeniidae	Proneomenia	Proneomenia sluiteri	Marine	FALSE	RNA-Seq	TRANSCRIPTOMIC	FALSE	4676353800	4,6763538
SRR2665508	SRR2665508	SRS1116402	358001	10.6489921957254	NA	South Korea	NA	Mollusca	Stylommatophora	Camaenidae	Satsuma	Satsuma myomphala	Terrestrial	FALSE	RNA-Seq	TRANSCRIPTOMIC	FALSE	33320993328	33,320993328
SRR8258011	SRR8258011	SRS954194	1638910	3.12268313765526	NA	NA	NA	Mollusca	Chaetodermatida	Prochaetodermatidae	Spathoderma	Spathoderma clenchi	Marine	FALSE	RNA-Seq	TRANSCRIPTOMIC	FALSE	5206240200	5,2062402
SRR2004430	SRR2004430	SRS926758	145622	3.81980261858553	terrestrial	Australia:Sunshine Coast	NA	Mollusca	Stylommatophora	Helicidae	Theba	Theba pisana	Terrestrial	FALSE	RNA-Seq	TRANSCRIPTOMIC	FALSE	5383804860	5,38380486
SRR11674132	SRR11674132	SRS6587386	2732486	1.51231646537781	Dredge	USA: Florida, Panacea, Big Bend area	NA	Mollusca	Chitonida	Chitonidae	Tonicia	Tonicia schrammi	Intertidal zone	FALSE	RNA-Seq	TRANSCRIPTOMIC	FALSE	3253480074	3,253480074
SRR1505141	SRR1505141	SRS652909	399971	2.23938878346235	NA	USA: Jamestown, Rhode Island	41.48 N 71.36 W	Mollusca	Neogastropoda	Muricidae	Urosalpinx	Urosalpinx cinerea	Intertidal zone	FALSE	RNA-Seq	TRANSCRIPTOMIC	FALSE	3715970400	3,7159704
SRS4661770	SRR8943410	SRS4661770	2571181	1.9150390625	not applicable	USA: Virginia	NA	Nematomorpha	Gordea	Gordiidae	Gordius	Gordius sp.	Freshwater	FALSE	RNA-Seq	TRANSCRIPTOMIC	FALSE	3567273338	3,567273338
SRS4398148	SRR8618616	SRS4398148	2528854	13.873046875	whole body	NA	NA	Nematomorpha		Nectonematidae	Nectonema	Nectonema munidae	Marine	FALSE	RNA-Seq	TRANSCRIPTOMIC	FALSE	23965228500	23,9652285
ERS1543174	ERR1817119	ERS1543174	190579	10.662109375	NA	NA	NA	Nematomorpha	Gordea	Gordiidae	Paragordius	Paragordius varius	Freshwater	FALSE	RNA-Seq	TRANSCRIPTOMIC	FALSE	18926948200	18,9269482
SRP265572	SRR11906528	SRS6754740	187594	2.009765625	NA	Germany: Island Sylt	NA	Nemertea	Monostilifera	Amphiporidae	Amphiporus	Amphiporus lactifloreus	Marine	FALSE	RNA-Seq	TRANSCRIPTOMIC	FALSE	7030447052	7,030447052
SRP157324	SRR7687009	SRS3664805	1454941	10.8037109375	NA	NA	NA	Nemertea	Monostilifera	Oerstediidae	Antarctonemertes	Antarctonemertes valida	Marine	FALSE	RNA-Seq	TRANSCRIPTOMIC	FALSE	27300372327	27,300372327
SRP044025	SRR1505175	SRS652943	547255	3.529296875	NA	Panama	NA	Nemertea	Heteronemertea	Baseodiscidae	Baseodiscus	Baseodiscus unicolor	Marine	FALSE	RNA-Seq	TRANSCRIPTOMIC	FALSE	7101579960	7,10157996
SRP017238	SRR618507	SRS375775	187795	2.2685546875	NA	NA	NA	Nemertea	Heteronemertea	Cerebratulidae	Cerebratulus	Cerebratulus marginatus	Marine	FALSE	RNA-Seq	TRANSCRIPTOMIC	FALSE	5284279440	5,28427944
SRP053683	SRR1797867	SRS842704	1612428	3.3037109375	marine	Sweden: Skagerrak	NA	Nemertea	Heteronemertea	Cerebratulidae	Cerebratulus	Cerebratulus sp.	Marine	FALSE	RNA-Seq	TRANSCRIPTOMIC	FALSE	6027029560	6,02702956
SRP044021	SRR1505099	SRS654199	1519031	0.0908203125	NA	Japan: Hamanako, Honshu,	NA	Nemertea		Hubrechtidae	Hubrechtella	Hubrechtella ijimai	Marine	FALSE	RNA-Seq	TRANSCRIPTOMIC	FALSE	4752516480	4,75251648
SRR3581115	SRR3581115	SRS1464891	187800	2.14939365908504	NA	France:Languedoc-Roussillon Sete	NA	Nemertea	Heteronemertea	Lineidae	Lineus	Lineus sanguineus	Marine	FALSE	RNA-Seq	TRANSCRIPTOMIC	FALSE	3482462224	3,482462224
SRR3581106	SRR3581106	SRS1464883	56195	4.98014723323286	NA	USA:Massachussets Nahant	NA	Nemertea	Heteronemertea	Lineidae	Lineus	Lineus viridis	Marine	FALSE	RNA-Seq	TRANSCRIPTOMIC	FALSE	8962231162	8,962231162
SRP048758	SRR1611560	SRS720570	166027	1.96484375	NA	NA	NA	Nemertea	Bdellonemertea	Malacobdellidae	Malacobdella	Malacobdella grossa	Marine	FALSE	RNA-Seq	TRANSCRIPTOMIC	FALSE	3053885800	3,0538858
SRP044114	SRR1508368	SRS655435	1519204	2.7060546875	NA	Chile: Biobio	NA	Nemertea	Monostilifera	Cratenemertidae	Nipponnemertes	Nipponnemertes sp.	Marine	FALSE	RNA-Seq	TRANSCRIPTOMIC	FALSE	5300123660	5,30012366
SRP111350	SRR5811995	SRS2342385	416868	3.6650390625	NA	NA	NA	Nemertea	Heteronemertea	Lineidae	Notospermus	Notospermus geniculatus	Marine	FALSE	RNA-Seq	TRANSCRIPTOMIC	FALSE	5970609378	5,970609378
SRP048758	SRR1611562	SRS720571	187732	3.646484375	NA	NA	NA	Nemertea	Monostilifera	Emplectonematidae	Paranemertes	Paranemertes peregrina	Marine	FALSE	RNA-Seq	TRANSCRIPTOMIC	FALSE	5944199200	5,9441992
SRR3581128	SRR3581128	SRS1464904	947578	2.64291033707559	NA	France:Bretagne Saint Philibert	NA	Nemertea	Heteronemertea	Lineidae	Ramphogordius	Ramphogordius lacteus	Marine	FALSE	RNA-Seq	TRANSCRIPTOMIC	FALSE	4065272018	4,065272018
SRP048758	SRR1611583	SRS721101	672921	2.5712890625	NA	NA	NA	Nemertea		Tubulanidae	Tubulanus	Tubulanus polymorphus	Marine	FALSE	RNA-Seq	TRANSCRIPTOMIC	FALSE	3926273200	3,9262732
SRS9243151	SRR14868528	SRS9243151	1198996	2.2646484375	leaf litter	Thailand: Chanthaburi mountain range	NA	Onychophora	Euonychophora	Peripatidae	Eoperipatus	Eoperipatus sp.	Terrestrial	FALSE	RNA-Seq	TRANSCRIPTOMIC	FALSE	3112345616	3,112345616
SRS8996815	SRR14561348	SRS8996815	1385931	4.1865234375	vietnam national park	Viet Nam	NA	Onychophora	Euonychophora	Peripatidae	Eoperipatus	Eoperipatus totoro	Terrestrial	FALSE	RNA-Seq	TRANSCRIPTOMIC	FALSE	6837297212	6,837297212
SRS8176940	SRR13614426	SRS8176940	2448278	2.6201171875	forest leaf litter	Trinidad and Tobago: Tobago, Main Ridge Forest Reserve, Gilpin Trail	11.28692002 N 60.61006302 W	Onychophora	Euonychophora	Peripatidae	Epiperipatus	Epiperipatus broadwayi	Terrestrial	FALSE	RNA-Seq	TRANSCRIPTOMIC	FALSE	5409937800	5,4099378
SRS4146300	SRR8320992	SRS4146300	2497346	6.3193359375	forest leaf litter	Panama: Jaramillo Abajo, Chiriqui Province	8.74669444 N 82.41894444 W	Onychophora	Euonychophora	Peripatidae	Epiperipatus	Epiperipatus sp.	Terrestrial	FALSE	RNA-Seq	TRANSCRIPTOMIC	FALSE	12860576400	12,8605764
SRS8176931	SRR13614433	SRS8176931	2448280	5.8974609375	forest leaf litter	Trinidad and Tobago: Trinidad, Lalaja South road	10.70514 N 61.28984 W	Onychophora	Euonychophora	Peripatidae	Epiperipatus	Epiperipatus trinidadensis	Terrestrial	FALSE	RNA-Seq	TRANSCRIPTOMIC	FALSE	12207388200	12,2073882
SRS8176935	SRR13614432	SRS8176935	2448281	3.220703125	forest leaf litter	Panama: Colon, Parque Nacional Soberania (El Charco)	9.08363888 N 79.66319444 W	Onychophora	Euonychophora	Peripatidae	Epiperipatus	Epiperipatus vagans	Terrestrial	FALSE	RNA-Seq	TRANSCRIPTOMIC	FALSE	6375751800	6,3757518
SRS8176936	SRR13614431	SRS8176936	488523	1.611328125	forest leaf litter	Australia: New South Wales, Kanangra Boyd National Park	33.98333333 S 150.13333333 E	Onychophora	Euonychophora	Peripatopsidae	Euperipatoides	Euperipatoides kanangrensis	Terrestrial	FALSE	RNA-Seq	TRANSCRIPTOMIC	FALSE	3447327000	3,447327
SRS6182030	SRR11128566	SRS6182030	49087	3.0986328125	Tallaganda State Forest (New South Wales, Australia	Australia: New South Wales	35.28 S 149.32 E	Onychophora	Euonychophora	Peripatopsidae	Euperipatoides	Euperipatoides rowelli	Terrestrial	FALSE	RNA-Seq	TRANSCRIPTOMIC	FALSE	7747190860	7,74719086
SRS8176937	SRR13614430	SRS8176937	1454319	3.37109375	forest, rotting log	Australia: Western Australia, Glenbourne Farm, S of Gracetown, near site 3	33.90778 S 115.0136 E	Onychophora	Euonychophora	Peripatopsidae	Kumbadjena	Kumbadjena occidentalis	Terrestrial	FALSE	RNA-Seq	TRANSCRIPTOMIC	FALSE	6705150000	6,70515
SRS8176938	SRR13614429	SRS8176938	1454321	2.423828125	forest leaf litter	Trinidad and Tobago: Trinidad, Brasso Seco, trail off Madama's road	10.74589902 N 61.255373 W	Onychophora	Euonychophora	Peripatidae	Macroperipatus	Macroperipatus torquatus	Terrestrial	FALSE	RNA-Seq	TRANSCRIPTOMIC	FALSE	5087883900	5,0878839
SRS8176939	SRR13614428	SRS8176939	2448283	3.31640625	forest leaf litter	Costa Rica: San Jose, Ranchos Tinamu	9.48853 N 83.95677 W	Onychophora	Euonychophora	Peripatidae	Macroperipatus	Macroperipatus valerioi	Terrestrial	FALSE	RNA-Seq	TRANSCRIPTOMIC	FALSE	6699066900	6,6990669
SRS8176943	SRR13614424	SRS8176943	444703	2.40234375	forest leaf litter	Chile: Region de la Araucania, Monumento Natural Contulmo	38.01625 S 73.17902 W	Onychophora	Euonychophora	Peripatopsidae	Metaperipatus	Metaperipatus inae	Terrestrial	FALSE	RNA-Seq	TRANSCRIPTOMIC	FALSE	5324702400	5,3247024
SRS8176942	SRR13614423	SRS8176942	1454325	5.5712890625	forest leaf litter	Australia: Western Australia, John Forrest National Park	31.866666 S 116.0667 E	Onychophora	Euonychophora	Peripatopsidae	Occiperipatoides	Occiperipatoides gilesii	Terrestrial	FALSE	RNA-Seq	TRANSCRIPTOMIC	FALSE	11243151900	11,2431519
SRS8176924	SRR13614447	SRS8176924	2806632	2.00390625	forest leaf litter	South Africa: KwaZulu-Natal, Nkandla Forest	28.74421301 S 31.13762699 E	Onychophora	Euonychophora	Peripatopsidae	Opisthopatus	Opisthopatus highveldi	Terrestrial	FALSE	RNA-Seq	TRANSCRIPTOMIC	FALSE	4340304000	4,340304
SRS4144441	SRR8318947	SRS4144441	2448284	3.490234375	forest leaf litter	South Africa: Ntumeni Forest, KwaZulu-Natal	28.88817 S 31.37523 E	Onychophora	Euonychophora	Peripatopsidae	Opisthopatus	Opisthopatus kwazululandi	Terrestrial	FALSE	RNA-Seq	TRANSCRIPTOMIC	FALSE	7720725000	7,720725
SRS8176921	SRR13614446	SRS8176921	2448285	3.8623046875	forest leaf litter	Mexico: Nayarit, Municipio de San Blas, fuera de la cueva del Naranjo, Jacocotan	21.47942 N 105.07758 W	Onychophora	Euonychophora	Peripatidae	Oroperipatus	Oroperipatus eisenii	Terrestrial	FALSE	RNA-Seq	TRANSCRIPTOMIC	FALSE	8333503050	8,33350305
SRS8176920	SRR13614445	SRS8176920	2806633	3.1923828125	forest, under rock	Ecuador: Galapagos, Isla Santa Cruz, Los Gemelos, Scalesia forest	0.62488611 S 90.38547777 W	Onychophora	Euonychophora	Peripatidae	Oroperipatus	Oroperipatus sp.	Terrestrial	FALSE	RNA-Seq	TRANSCRIPTOMIC	FALSE	6814143000	6,814143
SRS8176922	SRR13614443	SRS8176922	2806635	3.119140625	forest leaf litter	Brazil: Mato Grosso, Mata de Chapada Aventura, Chapada dos Guimaraes	15.44883888 S 55.77272222 W	Onychophora	Euonychophora	Peripatidae		Peripatidae sp.	Terrestrial	FALSE	RNA-Seq	TRANSCRIPTOMIC	FALSE	6404842800	6,4048428
SRS8176927	SRR13614440	SRS8176927	2806638	3.1640625	forest leaf litter	Australia: Queensland, Ironbark Gully, Samford Conservation Park, Ferny Hills, off Samford Rd	27.39166666 S 152.92361111 E	Onychophora	Euonychophora	Peripatopsidae		Peripatopsidae sp.	Terrestrial	FALSE	RNA-Seq	TRANSCRIPTOMIC	FALSE	6370819800	6,3708198
SRS8176928	SRR13614438	SRS8176928	2448286	4.1181640625	forest leaf litter	South Africa: Western Cape, Stellenbosch, Joenkershoek Nature Reserve	34.00467 S 18.99435 E	Onychophora	Euonychophora	Peripatopsidae	Peripatopsis	Peripatopsis bolandi	Terrestrial	FALSE	RNA-Seq	TRANSCRIPTOMIC	FALSE	9158062200	9,1580622
SRS544360	SRR1145776	SRS544360	1612460	4.904296875	NA	South Africa	NA	Onychophora	Euonychophora	Peripatopsidae	Peripatopsis	Peripatopsis overbergiensis	Terrestrial	FALSE	RNA-Seq	TRANSCRIPTOMIC	FALSE	8154808400	8,1548084
SRS8176934	SRR13614435	SRS8176934	1454314	2.86328125	forest leaf litter	Puerto Rico: El Yunque National Forest, RioGrande, El Verde field station, LTER tree plots, bank of La Prieta Creek	18.32318 N 65.8155 W	Onychophora	Euonychophora	Peripatidae	Peripatus	Peripatus juanensis	Terrestrial	FALSE	RNA-Seq	TRANSCRIPTOMIC	FALSE	6196489200	6,1964892
SRS8176933	SRR13614434	SRS8176933	1633879	4.85546875	forest, clay bank	Costa Rica: Limon, Reserva Biologica Hitoy-Cerere	9.67308 N 83.02428 W	Onychophora	Euonychophora	Peripatidae	Peripatus	Peripatus solorzanoi	Terrestrial	FALSE	RNA-Seq	TRANSCRIPTOMIC	FALSE	10357524900	10,3575249
SRS8176930	SRR13614437	SRS8176930	2806639	2.591796875	forest leaf litter	Guyana: East Berbice-Corentyne, Upper Berbice River, 120 km SSW of Kwakwani	4.15142 N 58.21459 W	Onychophora	Euonychophora	Peripatidae	Peripatus	Peripatus sp.	Terrestrial	FALSE	RNA-Seq	TRANSCRIPTOMIC	FALSE	5638064100	5,6380641
SRS9243146	SRR14868533	SRS9243146	1281314	2.390625	leaf litter	Costa Rica: Talamanca, Province of Limn	NA	Onychophora	Euonychophora	Peripatidae	Principapillatus	Principapillatus hitoyensis	Terrestrial	FALSE	RNA-Seq	TRANSCRIPTOMIC	FALSE	3263446500	3,2634465
SRR5031247	SRR5031247	SRS1366330	1819745	1.73281066957861	NA	Russia: Barents sea	69.07 N 36.04999999 E	Orthonectida		Rhopaluridae	Intoshia	Intoshia linei	Marine	FALSE	RNA-Seq	TRANSCRIPTOMIC	FALSE	3141435522	3,141435522
SRR5811960	SRR5811960	SRS2342396	115415	7.13988226186484	not applicable	Japan: Okayama, Ushimado	NA	Phoronida		Phoronidae	Phoronis	Phoronis australis	Marine	FALSE	RNA-Seq	TRANSCRIPTOMIC	FALSE	12966289335	12,966289335
SRP048758	SRR1611565	SRS720578	67897	3.6015625	NA	NA	NA	Phoronida		Phoronidae	Phoronis	Phoronis psammophila	Marine	FALSE	RNA-Seq	TRANSCRIPTOMIC	FALSE	5837218200	5,8372182
SRR1611566	SRR1611566	SRS720579	672013	4.54546779766679	NA	USA: San Juan Island, WA	NA	Phoronida		Phoronidae	Phoronis	Phoronis vancouverensis	Marine	FALSE	RNA-Seq	TRANSCRIPTOMIC	FALSE	6953103600	6,9531036
SRR2131255	SRR2131255	SRS1014552	490051	4.03473554644734	marine	unknown	NA	Phoronida		Phoronidae	Phoronopsis	Phoronopsis harmeri	Marine	FALSE	RNA-Seq	TRANSCRIPTOMIC	FALSE	6351538200	6,3515382
SRS2019700	SRR5311041	SRS2019700	1964320	7.7509765625	Tai Tam Tuk	Hong Kong	22.24471 N 114.222 E	Placozoa		Trichoplacidae	Hoilungia	Hoilungia hongkongensis	Marine	FALSE	RNA-Seq	TRANSCRIPTOMIC	FALSE	15328467500	15,3284675
SRS4443940	SRR8674649	SRS4443940	10228	3.6250	Laboratory	USA: Atlanta (laboratory)	NA	Placozoa		Trichoplacidae	Trichoplax	Trichoplax adhaerens	Marine	TRUE	RNA-Seq	TRANSCRIPTOMIC	FALSE	6792988000	6,792988
SRS2348985	SRR5819939	SRS2348985	287889	3.017578125	missing	Panama: Caribbean, Bocas del Toro	NA	Placozoa		Trichoplacidae	Trichoplax	Trichoplax sp.	Marine	FALSE	RNA-Seq	TRANSCRIPTOMIC	FALSE	4889304352	4,889304352
SRS5086035	SRR9670664	SRS5086035	1078010	2.3564453125	Marine interstitial meiofauna	Korea	NA	Priapulida	Priapulimorphida	Tubiluchidae	Meiopriapulus	Meiopriapulus fijiensis	Marine	FALSE	RNA-Seq	TRANSCRIPTOMIC	FALSE	7601296250	7,60129625
SRS720582	SRR1611567	SRS720582	1560318	3.603515625	NA	USA: Cobscook Bay, ME	NA	Priapulida	Priapulimorphida	Priapulidae	Priapulus	Priapulus sp.	Marine	FALSE	RNA-Seq	TRANSCRIPTOMIC	FALSE	5733198200	5,7331982
SRS1014869	SRR2131688	SRS1014869	121012	2.9404296875	marine interstitial	Panama: Bocas del Toro	NA	Priapulida	Priapulimorphida	Tubiluchidae	Tubiluchus	Tubiluchus corallicola	Marine	FALSE	RNA-Seq	TRANSCRIPTOMIC	FALSE	5856358200	5,8563582
SRS408324	SRR7962072	SRS408324	104782	3.994140625	NA	NA	NA	Rotifera	Adinetida	Adinetidae	Adineta	Adineta vaga	Freshwater	FALSE	RNA-Seq	TRANSCRIPTOMIC	FALSE	9463334262	9,463334262
SRS7405370	SRR12686548	SRS7405370	396692	1.4267578125	freshwater pond	Kenya	NA	Rotifera	Ploima	Brachionidae	Brachionus	Brachionus angularis	Freshwater	FALSE	RNA-Seq	TRANSCRIPTOMIC	FALSE	5011171358	5,011171358
SRS5632071	SRR10426064	SRS5632071	104777	3.5439453125	not applicable	not applicable	NA	Rotifera	Ploima	Brachionidae	Brachionus	Brachionus calyciflorus	Freshwater	FALSE	RNA-Seq	TRANSCRIPTOMIC	FALSE	9370766100	9,3707661
SRS5632073	SRR10426062	SRS5632073	2498032	4.08984375	not applicable	not applicable	NA	Rotifera	Ploima	Brachionidae	Brachionus	Brachionus fernandoi	Freshwater	FALSE	RNA-Seq	TRANSCRIPTOMIC	FALSE	10615851000	10,615851
SRS1936752	SRR5197741	SRS1936752	667381	2.0732421875	NA	NA	NA	Rotifera	Ploima	Brachionidae	Brachionus	Brachionus manjavacas	Freshwater	FALSE	RNA-Seq	TRANSCRIPTOMIC	FALSE	3302469316	3,302469316
SRS8044652	SRR13452041	SRS8044652	2599771	5.12109375	Little Fish Lake	USA:Nevada,Little Fish Lake	NA	Rotifera	Ploima	Brachionidae	Brachionus	Brachionus paranguensis	Freshwater	FALSE	RNA-Seq	TRANSCRIPTOMIC	FALSE	17069480356	17,069480356
SRS9530570	SRR15184123	SRS9530570	10195	1.763671875	unknown	China: Qingdao	NA	Rotifera	Ploima	Brachionidae	Brachionus	Brachionus plicatilis	Freshwater	FALSE	RNA-Seq	TRANSCRIPTOMIC	FALSE	5970681600	5,9706816
SRS6620679	SRR11747658	SRS6620679	96890	14.8798828125	brackish water	Indonesia:Java Island	NA	Rotifera	Ploima	Brachionidae	Brachionus	Brachionus rotundiformis	Freshwater	FALSE	RNA-Seq	TRANSCRIPTOMIC	FALSE	26059483142	26,059483142
SRS916818	SRR1976570	SRS916818	231622	3.0048828125	Pelagic	USA: Harvard Campus, Cambridge, MA	NA	Rotifera	Ploima	Lepadellidae	Lepadella	Lepadella patella	Freshwater	FALSE	RNA-Seq	TRANSCRIPTOMIC	FALSE	5856340200	5,8563402
SRS1068202	SRR2429147	SRS1068202	392030	3.4931640625	waterlouse	United Kingdom	51.407 N 0.640 W	Rotifera			Rotaria	Rotaria magnacalcarata	Freshwater	FALSE	RNA-Seq	TRANSCRIPTOMIC	FALSE	5588107144	5,588107144
ERS420410	ERR454505	ERS420410	231624	6.7861328125	Harasov lake (littoral benthos), , Stredocesky kraj, Kokorinsko Protected Area	Czech Republic	NA	Rotifera			Rotaria	Rotaria rotatoria	Freshwater	FALSE	RNA-Seq	TRANSCRIPTOMIC	FALSE	9474713444	9,474713444
SRS1072140	SRR2430028	SRS1072140	392032	3.599609375	waterlouse	United Kingdom	51.407 N 0.640 W	Rotifera			Rotaria	Rotaria socialis	Freshwater	FALSE	RNA-Seq	TRANSCRIPTOMIC	FALSE	5809736471	5,809736471
SRS1072143	SRR2430030	SRS1072143	392033	3.05859375	moss	United Kingdom	51.407 N 0.640 W	Rotifera			Rotaria	Rotaria sordida	Freshwater	FALSE	RNA-Seq	TRANSCRIPTOMIC	FALSE	4903222038	4,903222038
SRS1072174	SRR2430032	SRS1072174	392034	3.9814453125	silt in pond	United Kingdom	51.407 N 0.640 W	Rotifera			Rotaria	Rotaria tardigrada	Freshwater	FALSE	RNA-Seq	TRANSCRIPTOMIC	FALSE	6426154391	6,426154391
ERS5859464	ERR5430763	ERS5859464	104778	2.66015625	NA	France	48.727333 N 3.988611 W	Rotifera	Seisonacea	Seisonidae	Seison	Seison nebaliae	Freshwater	FALSE	RNA-Seq	TRANSCRIPTOMIC	FALSE	6909348978	6,909348978
SRS3414361	SRR7309271	SRS3414361	500494	3.623046875	Specimens isolated from barnacles	Denmark: Lyaes, Zealand	55.947861 N 11.852167 E	Tardigrada	Echiniscoidea	Echiniscoididae	Echiniscoides	Echiniscoides sigismundi	Marine	FALSE	RNA-Seq	TRANSCRIPTOMIC	FALSE	5531945800	5,5319458
SRS4174638	SRR8354803	SRS4174638	399800	1.9326171875	Moss	Denmark: Latitude 55.9434739, longitude 12.49893083333333	NA	Tardigrada	Echiniscoidea	Echiniscidae	Echiniscus	Echiniscus testudo	Terrestrial	FALSE	RNA-Seq	TRANSCRIPTOMIC	FALSE	4167562500	4,1675625
SRS1949165	SRR5218243	SRS1949165	232323	3.525390625	NA	NA	NA	Tardigrada	Parachela	Hypsibiidae	Hypsibius	Hypsibius dujardini	Terrestrial	FALSE	RNA-Seq	TRANSCRIPTOMIC	FALSE	5009859180	5,00985918
SRS9243152	SRR14868527	SRS9243152	2072580	3.9404296875	lab culture	United Kingdom	NA	Tardigrada	Parachela	Hypsibiidae	Hypsibius	Hypsibius exemplaris	Terrestrial	TRUE	RNA-Seq	TRANSCRIPTOMIC	FALSE	5390219288	5,390219288
SRS4118511	SRR8294673	SRS4118511	1867265	2.9052734375	NA	NA	NA	Tardigrada	Parachela	Macrobiotidae	Mesobiotus	Mesobiotus philippinicus	Terrestrial	FALSE	RNA-Seq	TRANSCRIPTOMIC	FALSE	6997551926	6,997551926
SRS1948844	SRR5367860	SRS1948844	697321	2.306640625	NA	NA	NA	Tardigrada	Parachela	Macrobiotidae	Paramacrobiotus	Paramacrobiotus richtersi	Terrestrial	FALSE	RNA-Seq	TRANSCRIPTOMIC	FALSE	4356816200	4,3568162
SRS3416462	SRR7340056	SRS3416462	245088	3.8662109375	Specimens isolated from moss growing on limestone	Sweden: Oland	56.61861111 N 16.49861111 E	Tardigrada	Parachela	Richtersiidae	Richtersius	Richtersius coronifer	Terrestrial	FALSE	RNA-Seq	TRANSCRIPTOMIC	FALSE	5761908600	5,7619086
ERR6745738	ERR6745738	ERS5293105	2771288	2.24159407988191	NA	United Kingdom	NA	Urochordata	Aplousobranchia	Polyclinidae	Aplidium	Aplidium turbinatum	Marine	FALSE	RNA-Seq	TRANSCRIPTOMIC	FALSE	6473414092	6,473414092
SRR10352205	SRR10352205	SRS5577494	30301	6.51587133295834	NA	NA	NA	Urochordata	Stolidobranchia	Styelidae	Botryllus	Botryllus schlosseri	Marine	FALSE	RNA-Seq	TRANSCRIPTOMIC	FALSE	10576501436	10,576501436
SRR10743033	SRR10743033	SRS5865120	7729	2.03318104706705	sea water	China: Weihai	NA	Urochordata	Stolidobranchia	Pyuridae	Halocynthia	Halocynthia roretzi	Marine	FALSE	RNA-Seq	TRANSCRIPTOMIC	FALSE	6737113500	6,7371135
SRR1199268	SRR1199268	SRS577842	30283	3.56851725466549	NA	NA	NA	Urochordata	Stolidobranchia	Molgulidae	Molgula	Molgula occulta	Marine	FALSE	RNA-Seq	TRANSCRIPTOMIC	FALSE	6342971400	6,3429714
SRR1197522	SRR1197522	SRS573793	27575	3.01181234233081	NA	NA	NA	Urochordata	Stolidobranchia	Molgulidae	Molgula	Molgula oculata	Marine	FALSE	RNA-Seq	TRANSCRIPTOMIC	FALSE	5648328900	5,6483289
SRR4072794	SRR4072794	SRS1650588	569448	2.26877937186509	not applicable	Southern Ocean	NA	Urochordata	Salpida	Salpidae	Salpa	Salpa thompsoni	Marine	FALSE	RNA-Seq	TRANSCRIPTOMIC	FALSE	3751545200	3,7515452
SRR8599817	SRR8599817	SRS4386682	7725	1.88395578414202	sea water	China: Weihai	NA	Urochordata	Stolidobranchia	Styelidae	Styela	Styela clava	Marine	FALSE	RNA-Seq	TRANSCRIPTOMIC	FALSE	6642830400	6,6428304
SRS1251124	SRR3105702	SRS1251124	243778	2.41796875	NA	Sweden: Essvik, Gullmarsfjorden	58.2859 N 11.5265 E	Xenacoelomorpha	Acoela	Childiidae	Childia	Childia submaculatum	Marine	FALSE	RNA-Seq	TRANSCRIPTOMIC	FALSE	6031091578	6,031091578
SRS1251125	SRR3105703	SRS1251125	1716182	2.6650390625	NA	USA: Atlantic Beach, North Carolina	34.6969 N 76.7387 W	Xenacoelomorpha	Acoela	Diopisthoporidae	Diopisthoporus	Diopisthoporus gymnopharyngeus	Marine	FALSE	RNA-Seq	TRANSCRIPTOMIC	FALSE	6723431832	6,723431832
SRS1251126	SRR3105704	SRS1251126	996724	3.6005859375	NA	Sweden: Essvik, Gullmarsfjorden	58.2859 N 11.5265 E	Xenacoelomorpha	Acoela	Diopisthoporidae	Diopisthoporus	Diopisthoporus longitubus	Marine	FALSE	RNA-Seq	TRANSCRIPTOMIC	FALSE	8987347438	8,987347438
SRS1251127	SRR3105705	SRS1251127	1716183	3.779296875	NA	Sweden: Klubban beach, Oestersidan	58.2519 N 11.4656 E	Xenacoelomorpha	Acoela	Mecynostomidae	Eumecynostomum	Eumecynostomum macrobursalium	Marine	FALSE	RNA-Seq	TRANSCRIPTOMIC	FALSE	9533407372	9,533407372
SRS4416850	SRR8641368	SRS4416850	2530015	4.7802734375	not applicable	not collected	NA	Xenacoelomorpha	Nemertodermatida	Nemertodermatidae	Flagellophora	Flagellophora sp.	Marine	FALSE	RNA-Seq	TRANSCRIPTOMIC	FALSE	7963874400	7,9638744
SRS4261840	SRR8454196	SRS4261840	442651	3.873046875	NA	Bermuda	NA	Xenacoelomorpha	Acoela	Hofsteniidae	Hofstenia	Hofstenia miamia	Marine	FALSE	RNA-Seq	TRANSCRIPTOMIC	FALSE	6392849400	6,3928494
SRS6972521	SRR12179257	SRS6972521	504439	15.650390625	NA	NA	NA	Xenacoelomorpha	Acoela	Isodiametridae	Isodiametra	Isodiametra pulchra	Marine	FALSE	RNA-Seq	TRANSCRIPTOMIC	FALSE	53340927120	53,34092712
SRS1118146	SRR2681155	SRS1118146	84115	12.578125	NA	Norway	60.2649333 N 5.1408000 E	Xenacoelomorpha	Nemertodermatida	Nemertodermatidae	Meara	Meara stichopi	Marine	FALSE	RNA-Seq	TRANSCRIPTOMIC	FALSE	20821411478	20,821411478
SRS4295404	SRR8491950	SRS4295404	172109	3.806640625	deeps sea ocean mud	Sweden: Telekabeln, Gullmarsfjord	NA	Xenacoelomorpha	Nemertodermatida	Nemertodermatidae	Nemertoderma	Nemertoderma westbladi	Marine	FALSE	RNA-Seq	TRANSCRIPTOMIC	FALSE	6266295732	6,266295732
SRS4397416	SRR8617822	SRS4397416	66402	5.001953125	not applicable	not collected	NA	Xenacoelomorpha	Acoela	Anaperidae	Neochildia	Neochildia fusca	Marine	FALSE	RNA-Seq	TRANSCRIPTOMIC	FALSE	8436138600	8,4361386
SRS2757273	SRR6375633	SRS2757273	90914	4.052734375	NA	United Kingdom: England, Yorkshire	NA	Xenacoelomorpha	Acoela	Paratomellidae	Paratomella	Paratomella rubra	Marine	FALSE	RNA-Seq	TRANSCRIPTOMIC	FALSE	6464000000	6,464
SRS4322186	SRR8524599	SRS4322186	2510493	6.1162109375	shell gravel	Sweden: near the island Halloe close to Smoegen	NA	Xenacoelomorpha	Acoela	Convolutidae	Pseudaphanostoma	Pseudaphanostoma variabilis	Marine	FALSE	RNA-Seq	TRANSCRIPTOMIC	FALSE	9595580548	9,595580548
SRS4307857	SRR8506641	SRS4307857	84072	2.3583984375	The DNA was obtained from \\\aposymbiotic\\\ hatchlings that have been reared in artificial sea water, in absence of algae to minimise content endosymbiontic algal DNA	France: Roscoff	NA	Xenacoelomorpha	Acoela	Sagittiferidae	Symsagittifera	Symsagittifera roscoffensis	Marine	FALSE	RNA-Seq	TRANSCRIPTOMIC	FALSE	3816485550	3,81648555
SRS4414815	SRR8638116	SRS4414815	242395	6.2119140625	NA	not collected	NA	Xenacoelomorpha		Xenoturbellidae	Xenoturbella	Xenoturbella bocki	Marine	FALSE	RNA-Seq	TRANSCRIPTOMIC	FALSE	9438333300	9,4383333
